{
    "reprojectionError": 2.3887329793905043,
    "fov_left": [
        47.280025660206185,
        30.445701504496377
    ],
    "fov_right": [
        48.1838176250036,
        31.071807882983418
    ],
    "baseline": 15.31,
    "cameraMatrix_left": [
        [
            2193.17702537989,
            0.0,
            921.8757290025301
        ],
        [
            0.0,
            2204.891010990101,
            602.2139863503925
        ],
        [
            0.0,
            0.0,
            1.0
        ]
    ],
    "distortionCoefficients_left": [
        [
            -0.4601372259721563,
            0.8386591554990785,
            -0.0070727236773888685,
            0.005142011045707318,
            -2.3093290687285504
        ]
    ],
    "cameraMatrix_right": [
        [
            2146.9202238456155,
            0.0,
            946.9150255326696
        ],
        [
            0.0,
            2158.277280281808,
            603.6680683047435
        ],
        [
            0.0,
            0.0,
            1.0
        ]
    ],
    "distortionCoefficients_right": [
        [
            -0.423033560919634,
            0.4144076475175602,
            -0.00396437627654276,
            0.004677621681315113,
            -0.5394989145131952
        ]
    ],
    "rotationMatrix": [
        [
            0.9995385910656677,
            0.012719692075621583,
            0.02758286431756556
        ],
        [
            -0.012993689194751162,
            0.9998677763250007,
            0.009777213713969411
        ],
        [
            -0.027454854062079235,
            -0.010131105586252378,
            0.9995717041253369
        ]
    ],
    "translationVector": [
        [
            -150.90924006350664
        ],
        [
            -0.3269674753206002
        ],
        [
            -26.043678315101303
        ]
    ],
    "essentialMatrix": [
        [
            -0.3294266171965334,
            26.043547266259722,
            -0.07219282771515517
        ],
        [
            -30.17485269180669,
            -1.860145013709125,
            150.12624701324313
        ],
        [
            2.2876843716075466,
            -150.88512736358928,
            -1.4664531920055943
        ]
    ],
    "fundamentalMatrix": [
        [
            1.8464206714275517e-08,
            -1.4519734158341433e-06,
            0.0008662514092619595
        ],
        [
            1.682386573005926e-06,
            1.0316063298209846e-07,
            -0.01997046680531079
        ],
        [
            -0.0013083729948527014,
            0.019372750521774475,
            1.0
        ]
    ]
}