{
    "mean_reprojection_error": 0.05395231348366726,
    "ret": 0.4713739916679183,
    "mtx": [
        [
            1258.1436118644483,
            0.0,
            1046.4906055691702
        ],
        [
            0.0,
            1254.0220337424678,
            624.6129129469047
        ],
        [
            0.0,
            0.0,
            1.0
        ]
    ],
    "dist": [
        [
            -0.38798504330529876,
            0.178590519375894,
            0.0009094117950765732,
            -0.011327866503995284,
            -0.046490037497116804
        ]
    ],
    "rvecs": [
        [
            [
                0.1540698387313765
            ],
            [
                0.2723257150708194
            ],
            [
                -0.16003709950065828
            ]
        ],
        [
            [
                0.12115841204070482
            ],
            [
                0.27829389227286805
            ],
            [
                -0.02081218575077286
            ]
        ],
        [
            [
                -0.21082035417703887
            ],
            [
                0.45937393683405553
            ],
            [
                -0.1014768161007582
            ]
        ],
        [
            [
                -0.10036430710799941
            ],
            [
                0.21928456622368891
            ],
            [
                0.2919732260283462
            ]
        ],
        [
            [
                -0.12777200596171712
            ],
            [
                0.08843222708087956
            ],
            [
                0.08502314142814921
            ]
        ],
        [
            [
                -0.03414117898359807
            ],
            [
                0.1368087423270677
            ],
            [
                0.07662191775808545
            ]
        ],
        [
            [
                -0.019123609410571576
            ],
            [
                0.16257512792359993
            ],
            [
                0.08839198524783164
            ]
        ],
        [
            [
                -0.012697396365406562
            ],
            [
                0.1408567892985911
            ],
            [
                0.12177301054771421
            ]
        ],
        [
            [
                0.03505230439498802
            ],
            [
                0.1433900978912354
            ],
            [
                0.1478758684074937
            ]
        ],
        [
            [
                0.07950950464995508
            ],
            [
                0.1380942220571461
            ],
            [
                0.3759378895933133
            ]
        ],
        [
            [
                -0.00818659979996578
            ],
            [
                -0.014085889046528976
            ],
            [
                0.024538054375502747
            ]
        ],
        [
            [
                -0.0039871355145773
            ],
            [
                -0.0590890824876763
            ],
            [
                -0.011456010089496772
            ]
        ],
        [
            [
                0.12007149984091303
            ],
            [
                0.1203263608843564
            ],
            [
                0.7184931707564617
            ]
        ],
        [
            [
                0.2993247686660334
            ],
            [
                0.31694517431172736
            ],
            [
                -0.1873710305326997
            ]
        ],
        [
            [
                0.16463679356827549
            ],
            [
                0.19177350610861213
            ],
            [
                0.796293042135608
            ]
        ],
        [
            [
                -0.11788106623039347
            ],
            [
                0.14276614788796776
            ],
            [
                -1.3503774647056952
            ]
        ],
        [
            [
                -0.05933297454974759
            ],
            [
                0.1066188728155777
            ],
            [
                0.06110559252011005
            ]
        ],
        [
            [
                0.17298995193399191
            ],
            [
                0.13382117907251678
            ],
            [
                0.03159902633219499
            ]
        ],
        [
            [
                0.3751240120399006
            ],
            [
                0.25736515092023765
            ],
            [
                -0.02419059193011423
            ]
        ],
        [
            [
                0.10633783150617224
            ],
            [
                0.025481900178418074
            ],
            [
                -0.032942599738321185
            ]
        ],
        [
            [
                0.025307298393372653
            ],
            [
                0.1717968499541199
            ],
            [
                0.018091017666989766
            ]
        ],
        [
            [
                0.2770648273638508
            ],
            [
                0.47357802936540944
            ],
            [
                0.20428095410497216
            ]
        ],
        [
            [
                0.025763942528695166
            ],
            [
                0.31829733762068346
            ],
            [
                0.07162011589279804
            ]
        ],
        [
            [
                0.13714905758243653
            ],
            [
                0.2918805861511341
            ],
            [
                0.11698966767805176
            ]
        ],
        [
            [
                0.35575889492453416
            ],
            [
                0.382307627204136
            ],
            [
                -0.14686479846256334
            ]
        ],
        [
            [
                0.15123824323509566
            ],
            [
                0.24458989205720336
            ],
            [
                0.06237055456738723
            ]
        ],
        [
            [
                0.06563588455068231
            ],
            [
                0.20023045266495437
            ],
            [
                0.11402376554990494
            ]
        ],
        [
            [
                0.04629278151282046
            ],
            [
                0.13087400760184184
            ],
            [
                0.09586510306833508
            ]
        ],
        [
            [
                0.00027832281588503305
            ],
            [
                -0.06685972108267599
            ],
            [
                0.042929806536539085
            ]
        ],
        [
            [
                -0.05525976041407671
            ],
            [
                -0.08032856829490445
            ],
            [
                -0.014043978941137883
            ]
        ],
        [
            [
                -0.03929671021509413
            ],
            [
                -0.02686627147774092
            ],
            [
                0.06259831908310881
            ]
        ],
        [
            [
                -0.04281156948531099
            ],
            [
                0.005256234029736651
            ],
            [
                0.10780916704454971
            ]
        ],
        [
            [
                0.03698553114637666
            ],
            [
                0.05721291836859568
            ],
            [
                0.08488085824518413
            ]
        ],
        [
            [
                0.14060866797961116
            ],
            [
                0.11387065093255597
            ],
            [
                0.06708147409680076
            ]
        ],
        [
            [
                -0.006004257354746666
