{
    "mean_reprojection_error": 0.0527393184521509,
    "ret": 0.46479831227120133,
    "mtx": [
        [
            1254.176933914742,
            0.0,
            1048.354439473605
        ],
        [
            0.0,
            1250.4181045091823,
            619.0162850309932
        ],
        [
            0.0,
            0.0,
            1.0
        ]
    ],
    "dist": [
        [
            -0.38535507581598494,
            0.1701796238810533,
            0.0013352387672597229,
            -0.011673642675421867,
            -0.04153749678571913
        ]
    ],
    "rvecs": [
        [
            [
                0.15038234296107453
            ],
            [
                0.2702650898312888
            ],
            [
                -0.1606432623292811
            ]
        ],
        [
            [
                0.11735210100859604
            ],
            [
                0.2755553751185195
            ],
            [
                -0.021531003364211206
            ]
        ],
        [
            [
                -0.21504596110368057
            ],
            [
                0.45784153746079626
            ],
            [
                -0.10283289852763529
            ]
        ],
        [
            [
                -0.10487087484158927
            ],
            [
                0.2179811247062119
            ],
            [
                0.29116092911983826
            ]
        ],
        [
            [
                -0.1319164510137325
            ],
            [
                0.08672900933095874
            ],
            [
                0.08413783589410244
            ]
        ],
        [
            [
                -0.038447659122012166
            ],
            [
                0.13489066769722521
            ],
            [
                0.07562328068399667
            ]
        ],
        [
            [
                -0.023636486089042306
            ],
            [
                0.16052968783219937
            ],
            [
                0.08730840141549871
            ]
        ],
        [
            [
                -0.01760394581202981
            ],
            [
                0.1383741308513024
            ],
            [
                0.1206299421301792
            ]
        ],
        [
            [
                0.030211307609690128
            ],
            [
                0.1390741434287789
            ],
            [
                0.14657528740672446
            ]
        ],
        [
            [
                0.07486749705781187
            ],
            [
                0.1343108873980874
            ],
            [
                0.3747296627956928
            ]
        ],
        [
            [
                -0.012335289199452426
            ],
            [
                -0.015203939810380438
            ],
            [
                0.024161614227142053
            ]
        ],
        [
            [
                -0.008031432756287283
            ],
            [
                -0.05950773013256583
            ],
            [
                -0.011582861957560269
            ]
        ],
        [
            [
                0.11574042496429124
            ],
            [
                0.12029475117136101
            ],
            [
                0.7180029154110673
            ]
        ],
        [
            [
                0.2953884826775887
            ],
            [
                0.3149231612233631
            ],
            [
                -0.18794215187874044
            ]
        ],
        [
            [
                0.15998133151323213
            ],
            [
                0.19147749463291858
            ],
            [
                0.7955740186181657
            ]
        ],
        [
            [
                -0.11997911178742117
            ],
            [
                0.13856054183276514
            ],
            [
                -1.3511772396591155
            ]
        ],
        [
            [
                -0.06349426759740509
            ],
            [
                0.10590413932461301
            ],
            [
                0.06060895396558289
            ]
        ],
        [
            [
                0.1684633319660541
            ],
            [
                0.13271240758751937
            ],
            [
                0.03123519708460006
            ]
        ],
        [
            [
                0.37140843873794327
            ],
            [
                0.2553765092527192
            ],
            [
                -0.02463774612641618
            ]
        ],
        [
            [
                0.10224182359122522
            ],
            [
                0.023308135973841456
            ],
            [
                -0.03333797431492782
            ]
        ],
        [
            [
                0.022599989608488955
            ],
            [
                0.17225331588678416
            ],
            [
                0.01789842530250747
            ]
        ],
        [
            [
                0.27292551885157895
            ],
            [
                0.4719575724057793
            ],
            [
                0.2032396809855937
            ]
        ],
        [
            [
                0.02175706748801121
            ],
            [
                0.31683195556766874
            ],
            [
                0.07079123664737133
            ]
        ],
        [
            [
                0.13275860667057174
            ],
            [
                0.29095606187994594
            ],
            [
                0.11632676246349427
            ]
        ],
        [
            [
                0.35165194140353623
            ],
            [
                0.38033355140117076
            ],
            [
                -0.14754784491559744
            ]
        ],
        [
            [
                0.1474460237142347
            ],
            [
                0.2431035538104982
            ],
            [
                0.061830970952047204
            ]
        ],
        [
            [
                0.061815031659498185
            ],
            [
                0.1984535621954072
            ],
            [
                0.11342314213677271
            ]
        ],
        [
            [
                0.04237928664568395
            ],
            [
                0.12916111104421324
            ],
            [
                0.09534716269791257
            ]
        ],
        [
            [
                -0.003308774177418397
            ],
            [
                -0.06807592335468882
            ],
            [
                0.042737532696252786
            ]
        ],
        [
            [
                -0.05827536974557443
            ],
            [
                -0.08553779734419974
            ],
            [
                -0.014827929307655181
            ]
        ]
    ],