{
    "reprojectionError": 1.8721987563208309,
    "fov_left": [
        69.6024606274142,
        46.72625536068823
    ],
    "fov_right": [
        71.16479048162121,
        47.95783934807049
    ],
    "baseline": 45.26,
    "cameraMatrix_left": [
        [
            1381.19569367388,
            0.0,
            964.8236532358275
        ],
        [
            0.0,
            1388.9699128133095,
            609.3093610454954
        ],
        [
            0.0,
            0.0,
            1.0
        ]
    ],
    "distortionCoefficients_left": [
        [
            -0.398954591921988,
            0.19744199803362392,
            -0.0054014689871836755,
            0.002723964329852881,
            -0.07087642217775371
        ]
    ],
    "cameraMatrix_right": [
        [
            1341.784645946179,
            0.0,
            981.7086023219252
        ],
        [
            0.0,
            1348.9575474334392,
            666.3074907191291
        ],
        [
            0.0,
            0.0,
            1.0
        ]
    ],
    "distortionCoefficients_right": [
        [
            -0.40570810198414775,
            0.24416160593262162,
            -0.0025486315809087998,
            -0.0008976148994678708,
            -0.09594307813015758
        ]
    ],
    "rotationMatrix": [
        [
            0.9994926777348688,
            0.004929907904117651,
            -0.031465586955254005
        ],
        [
            -0.0053582993016340185,
            0.9998939074709312,
            -0.013544830420011528
        ],
        [
            0.031395473925007744,
            0.01370656085856987,
            0.999413054950982
        ]
    ],
    "translationVector": [
        [
            -450.4764547373197
        ],
        [
            -5.31575825668969
        ],
        [
            -43.03254763028214
        ]
    ],
    "essentialMatrix": [
        [
            -0.3974720196544192,
            42.95512143441701,
            -5.89550675889239
        ],
        [
            -28.867794472208523,
            5.962336445513021,
            451.56609418187924
        ],
        [
            7.726849126991565,
            -450.4024563523047,
            5.934363733966015
        ]
    ],
    "fundamentalMatrix": [
        [
            1.3659479683339162e-08,
            -1.4679285706215761e-06,
            0.0011610798673489006
        ],
        [
            9.867922616873084e-07,
            -2.0267070897927994e-07,
            -0.022148663581958886
        ],
        [
            -0.0010272142620183886,
            0.02222866237496754,
            1.0
        ]
    ]
}